stock,date,close_price,adj_close
Infosys,2015-01-01,1975.8,987.9
Infosys,2015-01-02,2013.45,1006.725
Infosys,2015-01-05,1996.6,998.3
Infosys,2015-01-06,1956.85,978.425
Infosys,2015-01-07,1964.8,982.4
Infosys,2015-01-08,1974.55,987.275
Infosys,2015-01-09,2073.6,1036.8
Infosys,2015-01-12,2114.75,1057.375
Infosys,2015-01-13,2087.25,1043.625
Infosys,2015-01-14,2128.8,1064.4
Infosys,2015-01-15,2133.95,1066.975
Infosys,2015-01-16,2114.15,1057.075
Infosys,2015-01-19,2102.4,1051.2
Infosys,2015-01-20,2122.35,1061.175
Infosys,2015-01-21,2165.1,1082.55
Infosys,2015-01-22,2195.7,1097.85
Infosys,2015-01-23,2214.05,1107.025
Infosys,2015-01-27,2136.0,1068.0
Infosys,2015-01-28,2145.1,1072.55
Infosys,2015-01-29,2142.9,1071.45
Infosys,2015-01-30,2142.75,1071.375
Infosys,2015-02-02,2134.35,1067.175
Infosys,2015-02-03,2120.35,1060.175
Infosys,2015-02-04,2142.05,1071.025
Infosys,2015-02-05,2193.6,1096.8
Infosys,2015-02-06,2229.35,1114.675
Infosys,2015-02-09,2250.2,1125.1
Infosys,2015-02-10,2280.3,1140.15
Infosys,2015-02-11,2287.2,1143.6
Infosys,2015-02-12,2315.45,1157.725
Infosys,2015-02-13,2296.4,1148.2
Infosys,2015-02-16,2278.5,1139.25
Infosys,2015-02-18,2295.75,1147.875
Infosys,2015-02-19,2326.6,1163.3
Infosys,2015-02-20,2284.3,1142.15
Infosys,2015-02-23,2270.7,1135.35
Infosys,2015-02-24,2278.15,1139.075
Infosys,2015-02-25,2318.05,1159.025
Infosys,2015-02-26,2259.5,1129.75
Infosys,2015-02-27,2266.35,1133.175
Infosys,2015-02-28,2294.85,1147.425
Infosys,2015-03-02,2291.45,1145.725
Infosys,2015-03-03,2297.35,1148.675
Infosys,2015-03-04,2272.6,1136.3
Infosys,2015-03-05,2251.7,1125.85
Infosys,2015-03-09,2190.55,1095.275
Infosys,2015-03-10,2200.1,1100.05
Infosys,2015-03-11,2183.6,1091.8
Infosys,2015-03-12,2217.8,1108.9
Infosys,2015-03-13,2216.45,1108.225
Infosys,2015-03-16,2267.0,1133.5
Infosys,2015-03-17,2241.95,1120.975
Infosys,2015-03-18,2230.2,1115.1
Infosys,2015-03-19,2229.9,1114.95
Infosys,2015-03-20,2258.95,1129.475
Infosys,2015-03-23,2232.4,1116.2
Infosys,2015-03-24,2212.1,1106.05
Infosys,2015-03-25,2217.7,1108.85
Infosys,2015-03-26,2144.45,1072.225
Infosys,2015-03-27,2201.95,1100.975
Infosys,2015-03-30,2229.8,1114.9
Infosys,2015-03-31,2216.6,1108.3
Infosys,2015-04-01,2172.25,1086.125
Infosys,2015-04-06,2177.2,1088.6
Infosys,2015-04-07,2161.25,1080.625
Infosys,2015-04-08,2200.8,1100.4
Infosys,2015-04-09,2211.4,1105.7
Infosys,2015-04-10,2233.3,1116.65
Infosys,2015-04-13,2239.0,1119.5
Infosys,2015-04-15,2213.2,1106.6
Infosys,2015-04-16,2191.1,1095.55
Infosys,2015-04-17,2181.95,1090.975
Infosys,2015-04-20,2133.25,1066.625
Infosys,2015-04-21,2144.4,1072.2
Infosys,2015-04-22,2138.45,1069.225
Infosys,2015-04-23,2122.55,1061.275
Infosys,2015-04-24,1996.25,998.125
Infosys,2015-04-27,1986.0,993.0
Infosys,2015-04-28,1961.35,980.675
Infosys,2015-04-29,1961.6,980.8
Infosys,2015-04-30,1942.4,971.2
Infosys,2015-05-04,1994.3,997.15
Infosys,2015-05-05,1966.75,983.375
Infosys,2015-05-06,1922.5,961.25
Infosys,2015-05-07,1942.8,971.4
Infosys,2015-05-08,1958.0,979.0
Infosys,2015-05-11,1992.0,996.0
Infosys,2015-05-12,1949.6,974.8
Infosys,2015-05-13,1955.95,977.975
Infosys,2015-05-14,1934.55,967.275
Infosys,2015-05-15,1959.75,979.875
Infosys,2015-05-18,1991.75,995.875
Infosys,2015-05-19,2018.15,1009.075
Infosys,2015-05-20,2044.7,1022.35
Infosys,2015-05-21,2043.35,1021.675
Infosys,2015-05-22,2041.8,1020.9
Infosys,2015-05-25,2018.0,1009.0
Infosys,2015-05-26,2009.3,1004.65
Infosys,2015-05-27,1969.05,984.525
Infosys,2015-05-28,2014.3,1007.15
Infosys,2015-05-29,2022.4,1011.2
Infosys,2015-06-01,2045.7,1022.85
Infosys,2015-06-02,2008.8,1004.4
Infosys,2015-06-03,2023.1,1011.55
Infosys,2015-06-04,2028.05,1014.025
Infosys,2015-06-05,2012.1,1006.05
Infosys,2015-06-08,2000.25,1000.125
Infosys,2015-06-09,1992.55,996.275
Infosys,2015-06-10,2026.2,1013.1
Infosys,2015-06-11,2001.85,1000.925
Infosys,2015-06-12,1976.65,988.325
Infosys,2015-06-15,991.1,991.1
Infosys,2015-06-16,999.45,999.45
Infosys,2015-06-17,995.8,995.8
Infosys,2015-06-18,1000.9,1000.9
Infosys,2015-06-19,996.75,996.75
Infosys,2015-06-22,1024.4,1024.4
Infosys,2015-06-23,1001.15,1001.15
Infosys,2015-06-24,995.1,995.1
Infosys,2015-06-25,991.15,991.15
Infosys,2015-06-26,1006.1,1006.1
Infosys,2015-06-29,990.25,990.25
Infosys,2015-06-30,985.35,985.35
Infosys,2015-07-01,997.7,997.7
Infosys,2015-07-02,988.15,988.15
Infosys,2015-07-03,989.95,989.95
Infosys,2015-07-06,983.5,983.5
Infosys,2015-07-07,982.05,982.05
Infosys,2015-07-08,957.2,957.2
Infosys,2015-07-09,937.7,937.7
Infosys,2015-07-10,937.0,937.0
Infosys,2015-07-13,950.05,950.05
Infosys,2015-07-14,970.1,970.1
Infosys,2015-07-15,982.65,982.65
Infosys,2015-07-16,987.8,987.8
Infosys,2015-07-17,1002.0,1002.0
Infosys,2015-07-20,1001.9,1001.9
Infosys,2015-07-21,1112.65,1112.65
Infosys,2015-07-22,1102.6,1102.6
Infosys,2015-07-23,1098.85,1098.85
Infosys,2015-07-24,1089.35,1089.35
Infosys,2015-07-27,1065.0,1065.0
Infosys,2015-07-28,1063.5,1063.5
Infosys,2015-07-29,1085.2,1085.2
Infosys,2015-07-30,1069.1,1069.1
Infosys,2015-07-31,1078.05,1078.05
Infosys,2015-08-03,1079.05,1079.05
Infosys,2015-08-04,1059.8,1059.8
Infosys,2015-08-05,1086.55,1086.55
Infosys,2015-08-06,1089.45,1089.45
Infosys,2015-08-07,1095.6,1095.6
Infosys,2015-08-10,1081.95,1081.95
Infosys,2015-08-11,1104.35,1104.35
Infosys,2015-08-12,1141.75,1141.75
Infosys,2015-08-13,1156.85,1156.85
Infosys,2015-08-14,1149.0,1149.0
Infosys,2015-08-17,1141.85,1141.85
Infosys,2015-08-18,1163.8,1163.8
Infosys,2015-08-19,1175.05,1175.05
Infosys,2015-08-20,1138.2,1138.2
Infosys,2015-08-21,1150.6,1150.6
Infosys,2015-08-24,1092.65,1092.65
Infosys,2015-08-25,1086.5,1086.5
Infosys,2015-08-26,1065.35,1065.35
Infosys,2015-08-27,1084.1,1084.1
Infosys,2015-08-28,1110.7,1110.7
Infosys,2015-08-31,1095.2,1095.2
Infosys,2015-09-01,1089.65,1089.65
Infosys,2015-09-02,1100.3,1100.3
Infosys,2015-09-03,1100.65,1100.65
Infosys,2015-09-04,1073.8,1073.8
Infosys,2015-09-07,1059.6,1059.6
Infosys,2015-09-08,1059.3,1059.3
Infosys,2015-09-09,1088.5,1088.5
Infosys,2015-09-10,1080.35,1080.35
Infosys,2015-09-11,1090.7,1090.7
Infosys,2015-09-14,1097.75,1097.75
Infosys,2015-09-15,1098.4,1098.4
Infosys,2015-09-16,1101.5,1101.5
Infosys,2015-09-18,1104.75,1104.75
Infosys,2015-09-21,1104.65,1104.65
Infosys,2015-09-22,1105.5,1105.5
Infosys,2015-09-23,1116.65,1116.65
Infosys,2015-09-24,1141.4,1141.4
Infosys,2015-09-28,1108.2,1108.2
Infosys,2015-09-29,1121.1,1121.1
Infosys,2015-09-30,1160.45,1160.45
Infosys,2015-10-01,1173.25,1173.25
Infosys,2015-10-05,1180.5,1180.5
Infosys,2015-10-06,1154.85,1154.85
Infosys,2015-10-07,1133.15,1133.15
Infosys,2015-10-08,1132.45,1132.45
Infosys,2015-10-09,1167.85,1167.85
Infosys,2015-10-12,1122.5,1122.5
Infosys,2015-10-13,1098.65,1098.65
Infosys,2015-10-14,1097.45,1097.45
Infosys,2015-10-15,1097.0,1097.0
Infosys,2015-10-16,1093.75,1093.75
Infosys,2015-10-19,1112.2,1112.2
Infosys,2015-10-20,1125.35,1125.35
Infosys,2015-10-21,1137.6,1137.6
Infosys,2015-10-23,1148.55,1148.55
Infosys,2015-10-26,1151.4,1151.4
Infosys,2015-10-27,1148.45,1148.45
Infosys,2015-10-28,1151.35,1151.35
Infosys,2015-10-29,1142.7,1142.7
Infosys,2015-10-30,1136.05,1136.05
Infosys,2015-11-02,1131.55,1131.55
Infosys,2015-11-03,1143.0,1143.0
Infosys,2015-11-04,1137.05,1137.05
Infosys,2015-11-05,1122.45,1122.45
Infosys,2015-11-06,1138.05,1138.05
Infosys,2015-11-09,1133.95,1133.95
Infosys,2015-11-10,1106.4,1106.4
Infosys,2015-11-11,1109.15,1109.15
Infosys,2015-11-13,1100.45,1100.45
Infosys,2015-11-16,1080.2,1080.2
Infosys,2015-11-17,1061.1,1061.1
Infosys,2015-11-18,1019.85,1019.85
Infosys,2015-11-19,1047.3,1047.3
Infosys,2015-11-20,1052.9,1052.9
Infosys,2015-11-23,1053.5,1053.5
Infosys,2015-11-24,1041.0,1041.0
Infosys,2015-11-26,1053.2,1053.2
Infosys,2015-11-27,1066.3,1066.3
Infosys,2015-11-30,1088.45,1088.45
Infosys,2015-12-01,1076.65,1076.65
Infosys,2015-12-02,1060.2,1060.2
Infosys,2015-12-03,1056.0,1056.0
Infosys,2015-12-04,1047.8,1047.8
Infosys,2015-12-07,1045.85,1045.85
Infosys,2015-12-08,1044.95,1044.95
Infosys,2015-12-09,1029.35,1029.35
Infosys,2015-12-10,1046.4,1046.4
Infosys,2015-12-11,1052.35,1052.35
Infosys,2015-12-14,1069.5,1069.5
Infosys,2015-12-15,1076.9,1076.9
Infosys,2015-12-16,1095.4,1095.4
Infosys,2015-12-17,1106.95,1106.95
Infosys,2015-12-18,1085.95,1085.95
Infosys,2015-12-21,1102.0,1102.0
Infosys,2015-12-22,1083.6,1083.6
Infosys,2015-12-23,1098.0,1098.0
Infosys,2015-12-24,1095.85,1095.85
Infosys,2015-12-28,1101.65,1101.65
Infosys,2015-12-29,1103.75,1103.75
Infosys,2015-12-30,1086.05,1086.05
Infosys,2015-12-31,1104.55,1104.55
Infosys,2016-01-01,1103.15,1103.15
Infosys,2016-01-04,1080.6,1080.6
Infosys,2016-01-05,1074.8,1074.8
Infosys,2016-01-06,1069.45,1069.45
Infosys,2016-01-07,1051.25,1051.25
Infosys,2016-01-08,1062.65,1062.65
Infosys,2016-01-11,1057.1,1057.1
Infosys,2016-01-12,1050.05,1050.05
Infosys,2016-01-13,1082.35,1082.35
Infosys,2016-01-14,1128.7,1128.7
Infosys,2016-01-15,1140.2,1140.2
Infosys,2016-01-18,1131.95,1131.95
Infosys,2016-01-19,1139.1,1139.1
Infosys,2016-01-20,1121.65,1121.65
Infosys,2016-01-21,1136.5,1136.5
Infosys,2016-01-22,1135.9,1135.9
Infosys,2016-01-25,1137.65,1137.65
Infosys,2016-01-27,1138.35,1138.35
Infosys,2016-01-28,1131.35,1131.35
Infosys,2016-01-29,1164.85,1164.85
Infosys,2016-02-01,1171.3,1171.3
Infosys,2016-02-02,1174.8,1174.8
Infosys,2016-02-03,1158.15,1158.15
Infosys,2016-02-04,1179.9,1179.9
Infosys,2016-02-05,1174.95,1174.95
Infosys,2016-02-08,1149.1,1149.1
Infosys,2016-02-09,1109.3,1109.3
Infosys,2016-02-10,1110.15,1110.15
Infosys,2016-02-11,1081.15,1081.15
Infosys,2016-02-12,1083.5,1083.5
Infosys,2016-02-15,1091.35,1091.35
Infosys,2016-02-16,1081.0,1081.0
Infosys,2016-02-17,1095.45,1095.45
Infosys,2016-02-18,1122.7,1122.7
Infosys,2016-02-19,1125.55,1125.55
Infosys,2016-02-22,1125.3,1125.3
Infosys,2016-02-23,1123.95,1123.95
Infosys,2016-02-24,1125.4,1125.4
Infosys,2016-02-25,1111.25,1111.25
Infosys,2016-02-26,1121.05,1121.05
Infosys,2016-02-29,1083.75,1083.75
Infosys,2016-03-01,1124.5,1124.5
Infosys,2016-03-02,1156.25,1156.25
Infosys,2016-03-03,1169.15,1169.15
Infosys,2016-03-04,1170.55,1170.55
Infosys,2016-03-08,1163.55,1163.55
Infosys,2016-03-09,1178.5,1178.5
Infosys,2016-03-10,1145.95,1145.95
Infosys,2016-03-11,1142.5,1142.5
Infosys,2016-03-14,1140.95,1140.95
Infosys,2016-03-15,1134.35,1134.35
Infosys,2016-03-16,1152.0,1152.0
Infosys,2016-03-17,1160.2,1160.2
Infosys,2016-03-18,1190.2,1190.2
Infosys,2016-03-21,1195.0,1195.0
Infosys,2016-03-22,1189.9,1189.9
Infosys,2016-03-23,1207.75,1207.75
Infosys,2016-03-28,1204.7,1204.7
Infosys,2016-03-29,1198.95,1198.95
Infosys,2016-03-30,1205.8,1205.8
Infosys,2016-03-31,1217.95,1217.95
Infosys,2016-04-01,1205.9,1205.9
Infosys,2016-04-04,1243.55,1243.55
Infosys,2016-04-05,1218.6,1218.6
Infosys,2016-04-06,1201.1,1201.1
Infosys,2016-04-07,1181.65,1181.65
Infosys,2016-04-08,1167.35,1167.35
Infosys,2016-04-11,1184.4,1184.4
Infosys,2016-04-12,1182.3,1182.3
Infosys,2016-04-13,1172.05,1172.05
Infosys,2016-04-18,1238.8,1238.8
Infosys,2016-04-20,1243.25,1243.25
Infosys,2016-04-21,1226.4,1226.4
Infosys,2016-04-22,1213.85,1213.85
Infosys,2016-04-25,1217.05,1217.05
Infosys,2016-04-26,1232.95,1232.95
Infosys,2016-04-27,1240.0,1240.0
Infosys,2016-04-28,1211.45,1211.45
Infosys,2016-04-29,1210.85,1210.85
Infosys,2016-05-02,1200.65,1200.65
Infosys,2016-05-03,1180.75,1180.75
Infosys,2016-05-04,1189.55,1189.55
Infosys,2016-05-05,1192.45,1192.45
Infosys,2016-05-06,1181.45,1181.45
Infosys,2016-05-09,1199.15,1199.15
Infosys,2016-05-10,1212.55,1212.55
Infosys,2016-05-11,1201.05,1201.05
Infosys,2016-05-12,1210.2,1210.2
Infosys,2016-05-13,1206.7,1206.7
Infosys,2016-05-16,1213.95,1213.95
Infosys,2016-05-17,1214.05,1214.05
Infosys,2016-05-18,1209.75,1209.75
Infosys,2016-05-19,1205.35,1205.35
Infosys,2016-05-20,1201.75,1201.75
Infosys,2016-05-23,1190.75,1190.75
Infosys,2016-05-24,1188.2,1188.2
Infosys,2016-05-25,1208.85,1208.85
Infosys,2016-05-26,1231.65,1231.65
Infosys,2016-05-27,1246.4,1246.4
Infosys,2016-05-30,1263.45,1263.45
Infosys,2016-05-31,1249.85,1249.85
Infosys,2016-06-01,1256.45,1256.45
Infosys,2016-06-02,1260.25,1260.25
Infosys,2016-06-03,1266.45,1266.45
Infosys,2016-06-06,1267.1,1267.1
Infosys,2016-06-07,1257.2,1257.2
Infosys,2016-06-08,1238.3,1238.3
Infosys,2016-06-09,1185.45,1185.45
Infosys,2016-06-10,1180.8,1180.8
Infosys,2016-06-13,1182.55,1182.55
Infosys,2016-06-14,1175.2,1175.2
Infosys,2016-06-15,1189.2,1189.2
Infosys,2016-06-16,1186.2,1186.2
Infosys,2016-06-17,1178.3,1178.3
Infosys,2016-06-20,1208.6,1208.6
Infosys,2016-06-21,1205.9,1205.9
Infosys,2016-06-22,1198.55,1198.55
Infosys,2016-06-23,1211.55,1211.55
Infosys,2016-06-24,1194.5,1194.5
Infosys,2016-06-27,1166.25,1166.25
Infosys,2016-06-28,1161.05,1161.05
Infosys,2016-06-29,1176.55,1176.55
Infosys,2016-06-30,1170.75,1170.75
Infosys,2016-07-01,1172.1,1172.1
Infosys,2016-07-04,1184.25,1184.25
Infosys,2016-07-05,1175.45,1175.45
Infosys,2016-07-07,1157.2,1157.2
Infosys,2016-07-08,1158.75,1158.75
Infosys,2016-07-11,1174.85,1174.85
Infosys,2016-07-12,1176.0,1176.0
Infosys,2016-07-13,1193.15,1193.15
Infosys,2016-07-14,1175.85,1175.85
Infosys,2016-07-15,1072.25,1072.25
Infosys,2016-07-18,1081.7,1081.7
Infosys,2016-07-19,1086.3,1086.3
Infosys,2016-07-20,1083.05,1083.05
Infosys,2016-07-21,1080.35,1080.35
Infosys,2016-07-22,1072.65,1072.65
Infosys,2016-07-25,1080.5,1080.5
Infosys,2016-07-26,1088.8,1088.8
Infosys,2016-07-27,1087.55,1087.55
Infosys,2016-07-28,1079.2,1079.2
Infosys,2016-07-29,1073.95,1073.95
Infosys,2016-08-01,1085.0,1085.0
Infosys,2016-08-02,1084.3,1084.3
Infosys,2016-08-03,1085.0,1085.0
Infosys,2016-08-04,1072.15,1072.15
Infosys,2016-08-05,1067.4,1067.4
Infosys,2016-08-08,1078.8,1078.8
Infosys,2016-08-09,1081.5,1081.5
Infosys,2016-08-10,1079.95,1079.95
Infosys,2016-08-11,1077.1,1077.1
Infosys,2016-08-12,1063.3,1063.3
Infosys,2016-08-16,1050.95,1050.95
Infosys,2016-08-17,1033.4,1033.4
Infosys,2016-08-18,1024.3,1024.3
Infosys,2016-08-19,1021.1,1021.1
Infosys,2016-08-22,1015.4,1015.4
Infosys,2016-08-23,1039.25,1039.25
Infosys,2016-08-24,1057.55,1057.55
Infosys,2016-08-25,1036.55,1036.55
Infosys,2016-08-26,1020.75,1020.75
Infosys,2016-08-29,1022.25,1022.25
Infosys,2016-08-30,1041.0,1041.0
Infosys,2016-08-31,1036.8,1036.8
Infosys,2016-09-01,1037.65,1037.65
Infosys,2016-09-02,1031.05,1031.05
Infosys,2016-09-06,1045.1,1045.1
Infosys,2016-09-07,1055.0,1055.0
Infosys,2016-09-08,1037.9,1037.9
Infosys,2016-09-09,1036.0,1036.0
Infosys,2016-09-12,1054.0,1054.0
Infosys,2016-09-14,1047.1,1047.1
Infosys,2016-09-15,1041.35,1041.35
Infosys,2016-09-16,1060.35,1060.35
Infosys,2016-09-19,1061.15,1061.15
Infosys,2016-09-20,1050.35,1050.35
Infosys,2016-09-21,1056.7,1056.7
Infosys,2016-09-22,1058.5,1058.5
Infosys,2016-09-23,1043.0,1043.0
Infosys,2016-09-26,1035.7,1035.7
Infosys,2016-09-27,1040.45,1040.45
Infosys,2016-09-28,1038.6,1038.6
Infosys,2016-09-29,1029.9,1029.9
Infosys,2016-09-30,1038.1,1038.1
Infosys,2016-10-03,1037.85,1037.85
Infosys,2016-10-04,1048.8,1048.8
Infosys,2016-10-05,1041.15,1041.15
Infosys,2016-10-06,1026.65,1026.65
Infosys,2016-10-07,1012.65,1012.65
Infosys,2016-10-10,1029.55,1029.55
Infosys,2016-10-13,1052.05,1052.05
Infosys,2016-10-14,1027.4,1027.4
Infosys,2016-10-17,1022.05,1022.05
Infosys,2016-10-18,1038.2,1038.2
Infosys,2016-10-19,1041.6,1041.6
Infosys,2016-10-20,1036.95,1036.95
Infosys,2016-10-21,1038.1,1038.1
Infosys,2016-10-24,1029.0,1029.0
Infosys,2016-10-25,1017.35,1017.35
Infosys,2016-10-26,1014.85,1014.85
Infosys,2016-10-27,1006.15,1006.15
Infosys,2016-10-28,997.45,997.45
Infosys,2016-10-30,1002.5,1002.5
Infosys,2016-11-01,988.85,988.85
Infosys,2016-11-02,981.1,981.1
Infosys,2016-11-03,966.9,966.9
Infosys,2016-11-04,970.8,970.8
Infosys,2016-11-07,978.75,978.75
Infosys,2016-11-08,982.8,982.8
Infosys,2016-11-09,955.85,955.85
Infosys,2016-11-10,938.6,938.6
Infosys,2016-11-11,921.85,921.85
Infosys,2016-11-15,924.75,924.75
Infosys,2016-11-16,940.1,940.1
Infosys,2016-11-17,929.55,929.55
Infosys,2016-11-18,919.8,919.8
Infosys,2016-11-21,911.15,911.15
Infosys,2016-11-22,913.95,913.95
Infosys,2016-11-23,920.5,920.5
Infosys,2016-11-24,932.7,932.7
Infosys,2016-11-25,977.3,977.3
Infosys,2016-11-28,979.65,979.65
Infosys,2016-11-29,972.65,972.65
Infosys,2016-11-30,975.45,975.45
Infosys,2016-12-01,976.05,976.05
Infosys,2016-12-02,964.1,964.1
Infosys,2016-12-05,961.4,961.4
Infosys,2016-12-06,966.95,966.95
Infosys,2016-12-07,966.6,966.6
Infosys,2016-12-08,984.75,984.75
Infosys,2016-12-09,987.35,987.35
Infosys,2016-12-12,977.5,977.5
Infosys,2016-12-13,990.05,990.05
Infosys,2016-12-14,999.05,999.05
Infosys,2016-12-15,993.25,993.25
Infosys,2016-12-16,1004.2,1004.2
Infosys,2016-12-19,1002.2,1002.2
Infosys,2016-12-20,1010.4,1010.4
Infosys,2016-12-21,1003.7,1003.7
Infosys,2016-12-22,985.2,985.2
Infosys,2016-12-23,989.3,989.3
Infosys,2016-12-26,983.0,983.0
Infosys,2016-12-27,999.25,999.25
Infosys,2016-12-28,999.15,999.15
Infosys,2016-12-29,994.1,994.1
Infosys,2016-12-30,1010.7,1010.7
Infosys,2017-01-02,1001.6,1001.6
Infosys,2017-01-03,994.65,994.65
Infosys,2017-01-04,998.3,998.3
Infosys,2017-01-05,996.4,996.4
Infosys,2017-01-06,971.45,971.45
Infosys,2017-01-09,970.55,970.55
Infosys,2017-01-10,970.6,970.6
Infosys,2017-01-11,969.0,969.0
Infosys,2017-01-12,1000.05,1000.05
Infosys,2017-01-13,975.15,975.15
Infosys,2017-01-16,955.7,955.7
Infosys,2017-01-17,956.05,956.05
Infosys,2017-01-18,950.9,950.9
Infosys,2017-01-19,958.55,958.55
Infosys,2017-01-20,948.8,948.8
Infosys,2017-01-23,951.75,951.75
Infosys,2017-01-24,945.1,945.1
Infosys,2017-01-25,936.65,936.65
Infosys,2017-01-27,942.15,942.15
Infosys,2017-01-30,948.35,948.35
Infosys,2017-01-31,929.3,929.3
Infosys,2017-02-01,916.55,916.55
Infosys,2017-02-02,935.35,935.35
Infosys,2017-02-03,934.95,934.95
Infosys,2017-02-06,934.45,934.45
Infosys,2017-02-07,944.75,944.75
Infosys,2017-02-08,936.45,936.45
Infosys,2017-02-09,948.1,948.1
Infosys,2017-02-10,968.05,968.05
Infosys,2017-02-13,983.5,983.5
Infosys,2017-02-14,987.3,987.3
Infosys,2017-02-15,982.35,982.35
Infosys,2017-02-16,1011.9,1011.9
Infosys,2017-02-17,999.7,999.7
Infosys,2017-02-20,1011.7,1011.7
Infosys,2017-02-21,1012.95,1012.95
Infosys,2017-02-22,991.85,991.85
Infosys,2017-02-23,1009.05,1009.05
Infosys,2017-02-27,1012.75,1012.75
Infosys,2017-02-28,1012.3,1012.3
Infosys,2017-03-01,1025.0,1025.0
Infosys,2017-03-02,1020.65,1020.65
Infosys,2017-03-03,1031.15,1031.15
Infosys,2017-03-06,1033.85,1033.85
Infosys,2017-03-07,1019.7,1019.7
Infosys,2017-03-08,1007.25,1007.25
Infosys,2017-03-09,1011.6,1011.6
Infosys,2017-03-10,1020.1,1020.1
Infosys,2017-03-14,1035.0,1035.0
Infosys,2017-03-15,1012.1,1012.1
Infosys,2017-03-16,1028.5,1028.5
Infosys,2017-03-17,1040.0,1040.0
Infosys,2017-03-20,1020.6,1020.6
Infosys,2017-03-21,1032.0,1032.0
Infosys,2017-03-22,1027.8,1027.8
Infosys,2017-03-23,1040.6,1040.6
Infosys,2017-03-24,1031.8,1031.8
Infosys,2017-03-27,1028.8,1028.8
Infosys,2017-03-28,1035.1,1035.1
Infosys,2017-03-29,1031.35,1031.35
Infosys,2017-03-30,1024.5,1024.5
Infosys,2017-03-31,1020.8,1020.8
Infosys,2017-04-03,1009.45,1009.45
Infosys,2017-04-05,995.4,995.4
Infosys,2017-04-06,999.15,999.15
Infosys,2017-04-07,981.25,981.25
Infosys,2017-04-10,952.95,952.95
Infosys,2017-04-11,967.15,967.15
Infosys,2017-04-12,968.8,968.8
Infosys,2017-04-13,931.4,931.4
Infosys,2017-04-17,924.8,924.8
Infosys,2017-04-18,922.4,922.4
Infosys,2017-04-19,918.8,918.8
Infosys,2017-04-20,927.65,927.65
Infosys,2017-04-21,923.7,923.7
Infosys,2017-04-24,926.05,926.05
Infosys,2017-04-25,929.0,929.0
Infosys,2017-04-26,914.05,914.05
Infosys,2017-04-27,923.95,923.95
Infosys,2017-04-28,919.4,919.4
Infosys,2017-05-02,921.0,921.0
Infosys,2017-05-03,935.65,935.65
Infosys,2017-05-04,936.3,936.3
Infosys,2017-05-05,931.5,931.5
Infosys,2017-05-08,945.45,945.45
Infosys,2017-05-09,946.7,946.7
Infosys,2017-05-10,943.2,943.2
Infosys,2017-05-11,943.85,943.85
Infosys,2017-05-12,963.9,963.9
Infosys,2017-05-15,951.95,951.95
Infosys,2017-05-16,956.5,956.5
Infosys,2017-05-17,952.2,952.2
Infosys,2017-05-18,961.7,961.7
Infosys,2017-05-19,957.9,957.9
Infosys,2017-05-22,959.75,959.75
Infosys,2017-05-23,957.4,957.4
Infosys,2017-05-24,953.55,953.55
Infosys,2017-05-25,981.9,981.9
Infosys,2017-05-26,996.2,996.2
Infosys,2017-05-29,985.3,985.3
Infosys,2017-05-30,996.45,996.45
Infosys,2017-05-31,976.95,976.95
Infosys,2017-06-01,970.95,970.95
Infosys,2017-06-02,969.45,969.45
Infosys,2017-06-05,960.2,960.2
Infosys,2017-06-06,979.45,979.45
Infosys,2017-06-07,961.5,961.5
Infosys,2017-06-08,956.3,956.3
Infosys,2017-06-09,948.65,948.65
Infosys,2017-06-12,963.8,963.8
Infosys,2017-06-13,958.2,958.2
Infosys,2017-06-14,958.65,958.65
Infosys,2017-06-15,952.3,952.3
Infosys,2017-06-16,940.5,940.5
Infosys,2017-06-19,929.45,929.45
Infosys,2017-06-20,943.8,943.8
Infosys,2017-06-21,943.95,943.95
Infosys,2017-06-22,940.3,940.3
Infosys,2017-06-23,943.35,943.35
Infosys,2017-06-27,926.35,926.35
Infosys,2017-06-28,924.4,924.4
Infosys,2017-06-29,929.5,929.5
Infosys,2017-06-30,935.65,935.65
Infosys,2017-07-03,951.4,951.4
Infosys,2017-07-04,960.5,960.5
Infosys,2017-07-05,951.05,951.05
Infosys,2017-07-06,947.5,947.5
Infosys,2017-07-07,936.0,936.0
Infosys,2017-07-10,959.05,959.05
Infosys,2017-07-11,975.8,975.8
Infosys,2017-07-12,973.8,973.8
Infosys,2017-07-13,976.3,976.3
Infosys,2017-07-14,972.05,972.05
Infosys,2017-07-17,985.35,985.35
Infosys,2017-07-18,985.4,985.4
Infosys,2017-07-19,979.9,979.9
Infosys,2017-07-20,969.0,969.0
Infosys,2017-07-21,979.9,979.9
Infosys,2017-07-24,991.2,991.2
Infosys,2017-07-25,994.15,994.15
Infosys,2017-07-26,993.75,993.75
Infosys,2017-07-27,972.3,972.3
Infosys,2017-07-28,997.85,997.85
Infosys,2017-07-31,1011.3,1011.3
Infosys,2017-08-01,1005.0,1005.0
Infosys,2017-08-02,992.45,992.45
Infosys,2017-08-03,983.6,983.6
Infosys,2017-08-04,985.35,985.35
Infosys,2017-08-07,968.15,968.15
Infosys,2017-08-08,964.6,964.6
Infosys,2017-08-09,969.45,969.45
Infosys,2017-08-10,982.5,982.5
Infosys,2017-08-11,987.75,987.75
Infosys,2017-08-14,979.45,979.45
Infosys,2017-08-16,976.8,976.8
Infosys,2017-08-17,1021.15,1021.15
Infosys,2017-08-18,923.1,923.1
Infosys,2017-08-21,873.5,873.5
Infosys,2017-08-22,877.15,877.15
Infosys,2017-08-23,894.5,894.5
Infosys,2017-08-24,912.5,912.5
Infosys,2017-08-28,941.15,941.15
Infosys,2017-08-29,927.55,927.55
Infosys,2017-08-30,926.65,926.65
Infosys,2017-08-31,915.3,915.3
Infosys,2017-09-01,920.1,920.1
Infosys,2017-09-04,901.3,901.3
Infosys,2017-09-05,901.1,901.1
Infosys,2017-09-06,895.7,895.7
Infosys,2017-09-07,895.55,895.55
Infosys,2017-09-08,884.4,884.4
Infosys,2017-09-11,878.55,878.55
Infosys,2017-09-12,883.85,883.85
Infosys,2017-09-13,883.55,883.55
Infosys,2017-09-14,892.3,892.3
Infosys,2017-09-15,908.6,908.6
Infosys,2017-09-18,908.45,908.45
Infosys,2017-09-19,911.3,911.3
Infosys,2017-09-20,912.0,912.0
Infosys,2017-09-21,909.55,909.55
Infosys,2017-09-22,898.05,898.05
Infosys,2017-09-25,896.65,896.65
Infosys,2017-09-26,906.45,906.45
Infosys,2017-09-27,898.65,898.65
Infosys,2017-09-28,895.7,895.7
Infosys,2017-09-29,898.75,898.75
Infosys,2017-10-03,903.95,903.95
Infosys,2017-10-04,899.8,899.8
Infosys,2017-10-05,903.1,903.1
Infosys,2017-10-06,919.45,919.45
Infosys,2017-10-09,923.65,923.65
Infosys,2017-10-10,935.6,935.6
Infosys,2017-10-11,930.6,930.6
Infosys,2017-10-12,927.15,927.15
Infosys,2017-10-13,931.9,931.9
Infosys,2017-10-16,939.3,939.3
Infosys,2017-10-17,931.45,931.45
Infosys,2017-10-18,924.45,924.45
Infosys,2017-10-19,927.1,927.1
Infosys,2017-10-23,939.65,939.65
Infosys,2017-10-24,926.75,926.75
Infosys,2017-10-25,935.4,935.4
Infosys,2017-10-26,947.5,947.5
Infosys,2017-10-27,947.45,947.45
Infosys,2017-10-30,944.65,944.65
Infosys,2017-10-31,921.65,921.65
Infosys,2017-11-01,926.25,926.25
Infosys,2017-11-02,922.9,922.9
Infosys,2017-11-03,926.65,926.65
Infosys,2017-11-06,928.6,928.6
Infosys,2017-11-07,955.7,955.7
Infosys,2017-11-08,951.95,951.95
Infosys,2017-11-09,954.6,954.6
Infosys,2017-11-10,960.6,960.6
Infosys,2017-11-13,951.8,951.8
Infosys,2017-11-14,949.45,949.45
Infosys,2017-11-15,951.95,951.95
Infosys,2017-11-16,988.6,988.6
Infosys,2017-11-17,970.95,970.95
Infosys,2017-11-20,961.35,961.35
Infosys,2017-11-21,966.4,966.4
Infosys,2017-11-22,966.3,966.3
Infosys,2017-11-23,991.4,991.4
Infosys,2017-11-24,1009.95,1009.95
Infosys,2017-11-27,997.5,997.5
Infosys,2017-11-28,984.5,984.5
Infosys,2017-11-29,983.3,983.3
Infosys,2017-11-30,974.95,974.95
Infosys,2017-12-01,958.5,958.5
Infosys,2017-12-04,985.3,985.3
Infosys,2017-12-05,984.4,984.4
Infosys,2017-12-06,990.4,990.4
Infosys,2017-12-07,1000.1,1000.1
Infosys,2017-12-08,1001.55,1001.55
Infosys,2017-12-11,1003.5,1003.5
Infosys,2017-12-12,1011.1,1011.1
Infosys,2017-12-13,1003.45,1003.45
Infosys,2017-12-14,1012.45,1012.45
Infosys,2017-12-15,1023.45,1023.45
Infosys,2017-12-18,1015.35,1015.35
Infosys,2017-12-19,1004.8,1004.8
Infosys,2017-12-20,1013.3,1013.3
Infosys,2017-12-21,1021.55,1021.55
Infosys,2017-12-22,1038.4,1038.4
Infosys,2017-12-26,1034.35,1034.35
Infosys,2017-12-27,1034.05,1034.05
Infosys,2017-12-28,1034.0,1034.0
Infosys,2017-12-29,1039.3,1039.3
Infosys,2018-01-01,1034.55,1034.55
Infosys,2018-01-02,1029.5,1029.5
Infosys,2018-01-03,1019.1,1019.1
Infosys,2018-01-04,1015.3,1015.3
Infosys,2018-01-05,1012.1,1012.1
Infosys,2018-01-08,1035.65,1035.65
Infosys,2018-01-09,1041.3,1041.3
Infosys,2018-01-10,1051.6,1051.6
Infosys,2018-01-11,1075.6,1075.6
Infosys,2018-01-12,1078.4,1078.4
Infosys,2018-01-15,1080.4,1080.4
Infosys,2018-01-16,1122.9,1122.9
Infosys,2018-01-17,1152.25,1152.25
Infosys,2018-01-18,1152.75,1152.75
Infosys,2018-01-19,1143.25,1143.25
Infosys,2018-01-22,1150.3,1150.3
Infosys,2018-01-23,1175.2,1175.2
Infosys,2018-01-24,1185.15,1185.15
Infosys,2018-01-25,1170.8,1170.8
Infosys,2018-01-29,1181.5,1181.5
Infosys,2018-01-30,1169.7,1169.7
Infosys,2018-01-31,1150.65,1150.65
Infosys,2018-02-01,1144.5,1144.5
Infosys,2018-02-02,1141.7,1141.7
Infosys,2018-02-05,1138.3,1138.3
Infosys,2018-02-06,1108.45,1108.45
Infosys,2018-02-07,1108.75,1108.75
Infosys,2018-02-08,1134.55,1134.55
Infosys,2018-02-09,1111.8,1111.8
Infosys,2018-02-12,1103.8,1103.8
Infosys,2018-02-14,1098.05,1098.05
Infosys,2018-02-15,1114.15,1114.15
Infosys,2018-02-16,1124.85,1124.85
Infosys,2018-02-19,1130.0,1130.0
Infosys,2018-02-20,1134.7,1134.7
Infosys,2018-02-21,1148.7,1148.7
Infosys,2018-02-22,1160.5,1160.5
Infosys,2018-02-23,1155.65,1155.65
Infosys,2018-02-26,1141.05,1141.05
Infosys,2018-02-27,1148.3,1148.3
Infosys,2018-02-28,1174.25,1174.25
Infosys,2018-03-01,1160.25,1160.25
Infosys,2018-03-05,1153.1,1153.1
Infosys,2018-03-06,1146.85,1146.85
Infosys,2018-03-07,1142.8,1142.8
Infosys,2018-03-08,1156.7,1156.7
Infosys,2018-03-09,1163.4,1163.4
Infosys,2018-03-12,1185.85,1185.85
Infosys,2018-03-13,1180.55,1180.55
Infosys,2018-03-14,1180.2,1180.2
Infosys,2018-03-15,1182.15,1182.15
Infosys,2018-03-16,1172.5,1172.5
Infosys,2018-03-19,1147.15,1147.15
Infosys,2018-03-20,1162.1,1162.1
Infosys,2018-03-21,1168.6,1168.6
Infosys,2018-03-22,1158.8,1158.8
Infosys,2018-03-23,1167.45,1167.45
Infosys,2018-03-26,1154.3,1154.3
Infosys,2018-03-27,1152.8,1152.8
Infosys,2018-03-28,1134.4,1134.4
Infosys,2018-04-02,1137.5,1137.5
Infosys,2018-04-03,1140.05,1140.05
Infosys,2018-04-04,1124.55,1124.55
Infosys,2018-04-05,1145.0,1145.0
Infosys,2018-04-06,1129.3,1129.3
Infosys,2018-04-09,1110.95,1110.95
Infosys,2018-04-10,1114.15,1114.15
Infosys,2018-04-11,1123.9,1123.9
Infosys,2018-04-12,1162.25,1162.25
Infosys,2018-04-13,1169.0,1169.0
Infosys,2018-04-16,1132.8,1132.8
Infosys,2018-04-17,1125.0,1125.0
Infosys,2018-04-18,1125.45,1125.45
Infosys,2018-04-19,1132.7,1132.7
Infosys,2018-04-20,1178.25,1178.25
Infosys,2018-04-23,1183.35,1183.35
Infosys,2018-04-24,1153.9,1153.9
Infosys,2018-04-25,1160.9,1160.9
Infosys,2018-04-26,1175.65,1175.65
Infosys,2018-04-27,1185.15,1185.15
Infosys,2018-04-30,1199.4,1199.4
Infosys,2018-05-02,1197.8,1197.8
Infosys,2018-05-03,1181.85,1181.85
Infosys,2018-05-04,1172.9,1172.9
Infosys,2018-05-07,1183.35,1183.35
Infosys,2018-05-08,1165.35,1165.35
Infosys,2018-05-09,1171.25,1171.25
Infosys,2018-05-10,1167.55,1167.55
Infosys,2018-05-11,1181.0,1181.0
Infosys,2018-05-14,1189.6,1189.6
Infosys,2018-05-15,1192.55,1192.55
Infosys,2018-05-16,1190.05,1190.05
Infosys,2018-05-17,1184.95,1184.95
Infosys,2018-05-18,1183.75,1183.75
Infosys,2018-05-21,1182.6,1182.6
Infosys,2018-05-22,1193.55,1193.55
Infosys,2018-05-23,1185.25,1185.25
Infosys,2018-05-24,1221.85,1221.85
Infosys,2018-05-25,1228.8,1228.8
Infosys,2018-05-28,1214.5,1214.5
Infosys,2018-05-29,1216.65,1216.65
Infosys,2018-05-30,1214.1,1214.1
Infosys,2018-05-31,1231.9,1231.9
Infosys,2018-06-01,1220.25,1220.25
Infosys,2018-06-04,1239.6,1239.6
Infosys,2018-06-05,1221.2,1221.2
Infosys,2018-06-06,1235.6,1235.6
Infosys,2018-06-07,1250.8,1250.8
Infosys,2018-06-08,1259.75,1259.75
Infosys,2018-06-11,1263.05,1263.05
Infosys,2018-06-12,1258.4,1258.4
Infosys,2018-06-13,1276.1,1276.1
Infosys,2018-06-14,1238.7,1238.7
Infosys,2018-06-15,1280.45,1280.45
Infosys,2018-06-18,1266.5,1266.5
Infosys,2018-06-19,1244.05,1244.05
Infosys,2018-06-20,1243.35,1243.35
Infosys,2018-06-21,1246.35,1246.35
Infosys,2018-06-22,1246.45,1246.45
Infosys,2018-06-25,1272.3,1272.3
Infosys,2018-06-26,1277.85,1277.85
Infosys,2018-06-27,1269.2,1269.2
Infosys,2018-06-28,1288.85,1288.85
Infosys,2018-06-29,1306.75,1306.75
Infosys,2018-07-02,1334.45,1334.45
Infosys,2018-07-03,1353.65,1353.65
Infosys,2018-07-04,1344.6,1344.6
Infosys,2018-07-05,1284.5,1284.5
Infosys,2018-07-06,1284.5,1284.5
Infosys,2018-07-09,1299.15,1299.15
Infosys,2018-07-10,1302.5,1302.5
Infosys,2018-07-11,1320.35,1320.35
Infosys,2018-07-12,1294.6,1294.6
Infosys,2018-07-13,1309.1,1309.1
Infosys,2018-07-16,1333.05,1333.05
Infosys,2018-07-17,1327.4,1327.4
Infosys,2018-07-18,1322.4,1322.4
Infosys,2018-07-19,1316.55,1316.55
Infosys,2018-07-20,1348.35,1348.35
Infosys,2018-07-23,1355.75,1355.75
Infosys,2018-07-24,1376.0,1376.0
Infosys,2018-07-25,1383.7,1383.7
Infosys,2018-07-26,1375.2,1375.2
Infosys,2018-07-27,1374.55,1374.55
Infosys,2018-07-30,1353.15,1353.15
Infosys,2018-07-31,1365.0,1365.0
TCS,2015-01-01,2548.2,1274.1
TCS,2015-01-02,2570.85,1285.425
TCS,2015-01-05,2537.9,1268.95
TCS,2015-01-06,2446.55,1223.275
TCS,2015-01-07,2416.8,1208.4
TCS,2015-01-08,2443.85,1221.925
TCS,2015-01-09,2512.2,1256.1
TCS,2015-01-12,2512.05,1256.025
TCS,2015-01-13,2498.3,1249.15
TCS,2015-01-14,2518.15,1259.075
TCS,2015-01-15,2545.0,1272.5
TCS,2015-01-16,2531.9,1265.95
TCS,2015-01-19,2509.75,1254.875
TCS,2015-01-20,2499.55,1249.775
TCS,2015-01-21,2511.35,1255.675
TCS,2015-01-22,2512.75,1256.375
TCS,2015-01-23,2501.7,1250.85
TCS,2015-01-27,2502.8,1251.4
TCS,2015-01-28,2534.7,1267.35
TCS,2015-01-29,2541.35,1270.675
TCS,2015-01-30,2481.0,1240.5
TCS,2015-02-02,2512.8,1256.4
TCS,2015-02-03,2554.8,1277.4
TCS,2015-02-04,2514.0,1257.0
TCS,2015-02-05,2551.9,1275.95
TCS,2015-02-06,2576.0,1288.0
TCS,2015-02-09,2515.15,1257.575
TCS,2015-02-10,2442.95,1221.475
TCS,2015-02-11,2460.15,1230.075
TCS,2015-02-12,2462.8,1231.4
TCS,2015-02-13,2538.65,1269.325
TCS,2015-02-16,2585.25,1292.625
TCS,2015-02-18,2633.9,1316.95
TCS,2015-02-19,2679.7,1339.85
TCS,2015-02-20,2674.85,1337.425
TCS,2015-02-23,2695.05,1347.525
TCS,2015-02-24,2707.15,1353.575
TCS,2015-02-25,2671.3,1335.65
TCS,2015-02-26,2656.35,1328.175
TCS,2015-02-27,2663.75,1331.875
TCS,2015-02-28,2675.3,1337.65
TCS,2015-03-02,2670.15,1335.075
TCS,2015-03-03,2774.7,1387.35
TCS,2015-03-04,2743.4,1371.7
TCS,2015-03-05,2696.35,1348.175
TCS,2015-03-09,2643.15,1321.575
TCS,2015-03-10,2642.8,1321.4
TCS,2015-03-11,2609.35,1304.675
TCS,2015-03-12,2619.0,1309.5
TCS,2015-03-13,2581.05,1290.525
TCS,2015-03-16,2565.35,1282.675
TCS,2015-03-17,2580.9,1290.45
TCS,2015-03-18,2560.7,1280.35
TCS,2015-03-19,2594.4,1297.2
TCS,2015-03-20,2609.65,1304.825
TCS,2015-03-23,2610.55,1305.275
TCS,2015-03-24,2593.55,1296.775
TCS,2015-03-25,2573.1,1286.55
TCS,2015-03-26,2513.35,1256.675
TCS,2015-03-27,2516.2,1258.1
TCS,2015-03-30,2557.25,1278.625
TCS,2015-03-31,2547.05,1273.525
TCS,2015-04-01,2543.4,1271.7
TCS,2015-04-06,2546.0,1273.0
TCS,2015-04-07,2586.1,1293.05
TCS,2015-04-08,2644.35,1322.175
TCS,2015-04-09,2661.15,1330.575
TCS,2015-04-10,2651.95,1325.975
TCS,2015-04-13,2650.25,1325.125
TCS,2015-04-15,2624.7,1312.35
TCS,2015-04-16,2585.2,1292.6
TCS,2015-04-17,2476.2,1238.1
TCS,2015-04-20,2430.65,1215.325
TCS,2015-04-21,2426.85,1213.425
TCS,2015-04-22,2447.9,1223.95
TCS,2015-04-23,2456.85,1228.425
TCS,2015-04-24,2496.9,1248.45
TCS,2015-04-27,2500.3,1250.15
TCS,2015-04-28,2494.55,1247.275
TCS,2015-04-29,2485.65,1242.825
TCS,2015-04-30,2466.65,1233.325
TCS,2015-05-04,2479.1,1239.55
TCS,2015-05-05,2519.25,1259.625
TCS,2015-05-06,2462.85,1231.425
TCS,2015-05-07,2543.3,1271.65
TCS,2015-05-08,2530.7,1265.35
TCS,2015-05-11,2555.8,1277.9
TCS,2015-05-12,2521.2,1260.6
TCS,2015-05-13,2519.95,1259.975
TCS,2015-05-14,2499.95,1249.975
TCS,2015-05-15,2509.65,1254.825
TCS,2015-05-18,2519.35,1259.675
TCS,2015-05-19,2511.95,1255.975
TCS,2015-05-20,2557.55,1278.775
TCS,2015-05-21,2557.65,1278.825
TCS,2015-05-22,2619.55,1309.775
TCS,2015-05-25,2601.4,1300.7
TCS,2015-05-26,2606.35,1303.175
TCS,2015-05-27,2616.55,1308.275
TCS,2015-05-28,2609.95,1304.975
TCS,2015-05-29,2610.6,1305.3
TCS,2015-06-01,2616.4,1308.2
TCS,2015-06-02,2600.45,1300.225
TCS,2015-06-03,2610.75,1305.375
TCS,2015-06-04,2606.2,1303.1
TCS,2015-06-05,2572.35,1286.175
TCS,2015-06-08,2578.65,1289.325
TCS,2015-06-09,2558.1,1279.05
TCS,2015-06-10,2602.05,1301.025
TCS,2015-06-11,2571.0,1285.5
TCS,2015-06-12,2512.05,1256.025
TCS,2015-06-15,2511.8,1255.9
TCS,2015-06-16,2511.05,1255.525
TCS,2015-06-17,2514.95,1257.475
TCS,2015-06-18,2528.55,1264.275
TCS,2015-06-19,2551.1,1275.55
TCS,2015-06-22,2595.7,1297.85
TCS,2015-06-23,2577.7,1288.85
TCS,2015-06-24,2568.4,1284.2
TCS,2015-06-25,2551.75,1275.875
TCS,2015-06-26,2594.05,1297.025
TCS,2015-06-29,2593.55,1296.775
TCS,2015-06-30,2552.2,1276.1
TCS,2015-07-01,2591.8,1295.9
TCS,2015-07-02,2580.85,1290.425
TCS,2015-07-03,2604.8,1302.4
TCS,2015-07-06,2632.8,1316.4
TCS,2015-07-07,2619.05,1309.525
TCS,2015-07-08,2594.05,1297.025
TCS,2015-07-09,2521.4,1260.7
TCS,2015-07-10,2471.9,1235.95
TCS,2015-07-13,2508.6,1254.3
TCS,2015-07-14,2499.5,1249.75
TCS,2015-07-15,2546.25,1273.125
TCS,2015-07-16,2538.15,1269.075
TCS,2015-07-17,2559.35,1279.675
TCS,2015-07-20,2579.55,1289.775
TCS,2015-07-21,2562.85,1281.425
TCS,2015-07-22,2528.1,1264.05
TCS,2015-07-23,2487.95,1243.975
TCS,2015-07-24,2503.75,1251.875
TCS,2015-07-27,2496.9,1248.45
TCS,2015-07-28,2501.5,1250.75
TCS,2015-07-29,2508.1,1254.05
TCS,2015-07-30,2480.95,1240.475
TCS,2015-07-31,2510.0,1255.0
TCS,2015-08-03,2507.95,1253.975
TCS,2015-08-04,2509.3,1254.65
TCS,2015-08-05,2541.65,1270.825
TCS,2015-08-06,2574.3,1287.15
TCS,2015-08-07,2551.7,1275.85
TCS,2015-08-10,2570.8,1285.4
TCS,2015-08-11,2603.05,1301.525
TCS,2015-08-12,2671.4,1335.7
TCS,2015-08-13,2637.4,1318.7
TCS,2015-08-14,2693.65,1346.825
TCS,2015-08-17,2684.75,1342.375
TCS,2015-08-18,2734.6,1367.3
TCS,2015-08-19,2731.4,1365.7
TCS,2015-08-20,2691.2,1345.6
TCS,2015-08-21,2675.1,1337.55
TCS,2015-08-24,2579.2,1289.6
TCS,2015-08-25,2567.35,1283.675
TCS,2015-08-26,2576.75,1288.375
TCS,2015-08-27,2577.6,1288.8
TCS,2015-08-28,2570.65,1285.325
TCS,2015-08-31,2565.25,1282.625
TCS,2015-09-01,2538.8,1269.4
TCS,2015-09-02,2593.2,1296.6
TCS,2015-09-03,2605.25,1302.625
TCS,2015-09-04,2549.45,1274.725
TCS,2015-09-07,2539.5,1269.75
TCS,2015-09-08,2542.1,1271.05
TCS,2015-09-09,2550.65,1275.325
TCS,2015-09-10,2542.35,1271.175
TCS,2015-09-11,2545.5,1272.75
TCS,2015-09-14,2550.75,1275.375
TCS,2015-09-15,2543.15,1271.575
TCS,2015-09-16,2551.15,1275.575
TCS,2015-09-18,2554.15,1277.075
TCS,2015-09-21,2550.7,1275.35
TCS,2015-09-22,2526.35,1263.175
TCS,2015-09-23,2534.05,1267.025
TCS,2015-09-24,2575.6,1287.8
TCS,2015-09-28,2590.35,1295.175
TCS,2015-09-29,2590.2,1295.1
TCS,2015-09-30,2587.7,1293.85
TCS,2015-10-01,2639.7,1319.85
TCS,2015-10-05,2713.45,1356.725
TCS,2015-10-06,2695.7,1347.85
TCS,2015-10-07,2655.1,1327.55
TCS,2015-10-08,2634.75,1317.375
TCS,2015-10-09,2629.85,1314.925
TCS,2015-10-12,2592.4,1296.2
TCS,2015-10-13,2597.4,1298.7
TCS,2015-10-14,2483.4,1241.7
TCS,2015-10-15,2468.65,1234.325
TCS,2015-10-16,2475.95,1237.975
TCS,2015-10-19,2486.85,1243.425
TCS,2015-10-20,2526.7,1263.35
TCS,2015-10-21,2525.5,1262.75
TCS,2015-10-23,2536.2,1268.1
TCS,2015-10-26,2535.2,1267.6
TCS,2015-10-27,2529.8,1264.9
TCS,2015-10-28,2524.65,1262.325
TCS,2015-10-29,2496.15,1248.075
TCS,2015-10-30,2497.3,1248.65
TCS,2015-11-02,2511.2,1255.6
TCS,2015-11-03,2542.6,1271.3
TCS,2015-11-04,2529.45,1264.725
TCS,2015-11-05,2490.75,1245.375
TCS,2015-11-06,2505.75,1252.875
TCS,2015-11-09,2475.05,1237.525
TCS,2015-11-10,2461.7,1230.85
TCS,2015-11-11,2470.55,1235.275
TCS,2015-11-13,2397.3,1198.65
TCS,2015-11-16,2374.9,1187.45
TCS,2015-11-17,2390.5,1195.25
TCS,2015-11-18,2351.9,1175.95
TCS,2015-11-19,2363.2,1181.6
TCS,2015-11-20,2395.55,1197.775
TCS,2015-11-23,2391.7,1195.85
TCS,2015-11-24,2370.1,1185.05
TCS,2015-11-26,2345.15,1172.575
TCS,2015-11-27,2352.65,1176.325
TCS,2015-11-30,2365.25,1182.625
TCS,2015-12-01,2362.15,1181.075
TCS,2015-12-02,2365.25,1182.625
TCS,2015-12-03,2350.85,1175.425
TCS,2015-12-04,2330.15,1165.075
TCS,2015-12-07,2324.1,1162.05
TCS,2015-12-08,2329.5,1164.75
TCS,2015-12-09,2365.7,1182.85
TCS,2015-12-10,2380.75,1190.375
TCS,2015-12-11,2387.25,1193.625
TCS,2015-12-14,2377.45,1188.725
TCS,2015-12-15,2375.2,1187.6
TCS,2015-12-16,2407.1,1203.55
TCS,2015-12-17,2440.35,1220.175
TCS,2015-12-18,2416.45,1208.225
TCS,2015-12-21,2440.95,1220.475
TCS,2015-12-22,2405.95,1202.975
TCS,2015-12-23,2420.4,1210.2
TCS,2015-12-24,2433.35,1216.675
TCS,2015-12-28,2458.5,1229.25
TCS,2015-12-29,2451.95,1225.975
TCS,2015-12-30,2418.4,1209.2
TCS,2015-12-31,2439.2,1219.6
TCS,2016-01-01,2416.25,1208.125
TCS,2016-01-04,2375.5,1187.75
TCS,2016-01-05,2350.35,1175.175
TCS,2016-01-06,2381.2,1190.6
TCS,2016-01-07,2370.05,1185.025
TCS,2016-01-08,2397.25,1198.625
TCS,2016-01-11,2363.0,1181.5
TCS,2016-01-12,2324.05,1162.025
TCS,2016-01-13,2280.3,1140.15
TCS,2016-01-14,2278.95,1139.475
TCS,2016-01-15,2263.5,1131.75
TCS,2016-01-18,2282.45,1141.225
TCS,2016-01-19,2279.0,1139.5
TCS,2016-01-20,2277.6,1138.8
TCS,2016-01-21,2261.2,1130.6
TCS,2016-01-22,2295.25,1147.625
TCS,2016-01-25,2305.95,1152.975
TCS,2016-01-27,2319.6,1159.8
TCS,2016-01-28,2330.9,1165.45
TCS,2016-01-29,2391.2,1195.6
TCS,2016-02-01,2402.2,1201.1
TCS,2016-02-02,2401.5,1200.75
TCS,2016-02-03,2417.05,1208.525
TCS,2016-02-04,2417.45,1208.725
TCS,2016-02-05,2425.85,1212.925
TCS,2016-02-08,2368.5,1184.25
TCS,2016-02-09,2281.45,1140.725
TCS,2016-02-10,2270.05,1135.025
TCS,2016-02-11,2196.05,1098.025
TCS,2016-02-12,2226.5,1113.25
TCS,2016-02-15,2269.55,1134.775
TCS,2016-02-16,2267.75,1133.875
TCS,2016-02-17,2278.0,1139.0
TCS,2016-02-18,2315.3,1157.65
TCS,2016-02-19,2320.2,1160.1
TCS,2016-02-22,2314.2,1157.1
TCS,2016-02-23,2265.1,1132.55
TCS,2016-02-24,2218.65,1109.325
TCS,2016-02-25,2212.25,1106.125
TCS,2016-02-26,2214.7,1107.35
TCS,2016-02-29,2181.9,1090.95
TCS,2016-03-01,2275.0,1137.5
TCS,2016-03-02,2319.55,1159.775
TCS,2016-03-03,2377.3,1188.65
TCS,2016-03-04,2359.05,1179.525
TCS,2016-03-08,2354.4,1177.2
TCS,2016-03-09,2356.2,1178.1
TCS,2016-03-10,2348.0,1174.0
TCS,2016-03-11,2366.0,1183.0
TCS,2016-03-14,2352.0,1176.0
TCS,2016-03-15,2329.65,1164.825
TCS,2016-03-16,2327.35,1163.675
TCS,2016-03-17,2351.75,1175.875
TCS,2016-03-18,2427.25,1213.625
TCS,2016-03-21,2443.65,1221.825
TCS,2016-03-22,2474.05,1237.025
TCS,2016-03-23,2474.7,1237.35
TCS,2016-03-28,2473.55,1236.775
TCS,2016-03-29,2467.85,1233.925
TCS,2016-03-30,2488.35,1244.175
TCS,2016-03-31,2516.05,1258.025
TCS,2016-04-01,2455.4,1227.7
TCS,2016-04-04,2470.7,1235.35
TCS,2016-04-05,2462.65,1231.325
TCS,2016-04-06,2478.9,1239.45
TCS,2016-04-07,2470.95,1235.475
TCS,2016-04-08,2428.7,1214.35
TCS,2016-04-11,2506.65,1253.325
TCS,2016-04-12,2512.5,1256.25
TCS,2016-04-13,2523.15,1261.575
TCS,2016-04-18,2522.4,1261.2
TCS,2016-04-20,2451.9,1225.95
TCS,2016-04-21,2423.2,1211.6
TCS,2016-04-22,2417.2,1208.6
TCS,2016-04-25,2448.3,1224.15
TCS,2016-04-26,2488.0,1244.0
TCS,2016-04-27,2505.55,1252.775
TCS,2016-04-28,2526.95,1263.475
TCS,2016-04-29,2530.05,1265.025
TCS,2016-05-02,2525.15,1262.575
TCS,2016-05-03,2480.25,1240.125
TCS,2016-05-04,2478.25,1239.125
TCS,2016-05-05,2474.0,1237.0
TCS,2016-05-06,2472.15,1236.075
TCS,2016-05-09,2515.35,1257.675
TCS,2016-05-10,2523.6,1261.8
TCS,2016-05-11,2517.75,1258.875
TCS,2016-05-12,2567.05,1283.525
TCS,2016-05-13,2523.4,1261.7
TCS,2016-05-16,2553.8,1276.9
TCS,2016-05-17,2570.2,1285.1
TCS,2016-05-18,2550.45,1275.225
TCS,2016-05-19,2555.55,1277.775
TCS,2016-05-20,2532.05,1266.025
TCS,2016-05-23,2491.7,1245.85
TCS,2016-05-24,2467.5,1233.75
TCS,2016-05-25,2526.7,1263.35
TCS,2016-05-26,2552.8,1276.4
TCS,2016-05-27,2572.05,1286.025
TCS,2016-05-30,2635.35,1317.675
TCS,2016-05-31,2575.1,1287.55
TCS,2016-06-01,2631.85,1315.925
TCS,2016-06-02,2646.9,1323.45
TCS,2016-06-03,2630.85,1315.425
TCS,2016-06-06,2611.35,1305.675
TCS,2016-06-07,2631.45,1315.725
TCS,2016-06-08,2611.1,1305.55
TCS,2016-06-09,2577.5,1288.75
TCS,2016-06-10,2560.95,1280.475
TCS,2016-06-13,2551.95,1275.975
TCS,2016-06-14,2534.7,1267.35
TCS,2016-06-15,2555.7,1277.85
TCS,2016-06-16,2557.1,1278.55
TCS,2016-06-17,2603.5,1301.75
TCS,2016-06-20,2655.7,1327.85
TCS,2016-06-21,2647.3,1323.65
TCS,2016-06-22,2665.5,1332.75
TCS,2016-06-23,2644.3,1322.15
TCS,2016-06-24,2570.7,1285.35
TCS,2016-06-27,2495.35,1247.675
TCS,2016-06-28,2461.8,1230.9
TCS,2016-06-29,2499.6,1249.8
TCS,2016-06-30,2550.8,1275.4
TCS,2016-07-01,2501.8,1250.9
TCS,2016-07-04,2494.8,1247.4
TCS,2016-07-05,2482.7,1241.35
TCS,2016-07-07,2429.05,1214.525
TCS,2016-07-08,2425.5,1212.75
TCS,2016-07-11,2463.65,1231.825
TCS,2016-07-12,2461.5,1230.75
TCS,2016-07-13,2491.4,1245.7
TCS,2016-07-14,2520.3,1260.15
TCS,2016-07-15,2441.9,1220.95
TCS,2016-07-18,2433.5,1216.75
TCS,2016-07-19,2461.55,1230.775
TCS,2016-07-20,2493.25,1246.625
TCS,2016-07-21,2501.25,1250.625
TCS,2016-07-22,2509.15,1254.575
TCS,2016-07-25,2551.55,1275.775
TCS,2016-07-26,2548.3,1274.15
TCS,2016-07-27,2576.1,1288.05
TCS,2016-07-28,2615.55,1307.775
TCS,2016-07-29,2618.55,1309.275
TCS,2016-08-01,2698.0,1349.0
TCS,2016-08-02,2692.1,1346.05
TCS,2016-08-03,2656.25,1328.125
TCS,2016-08-04,2652.65,1326.325
TCS,2016-08-05,2648.9,1324.45
TCS,2016-08-08,2651.9,1325.95
TCS,2016-08-09,2650.55,1325.275
TCS,2016-08-10,2673.9,1336.95
TCS,2016-08-11,2704.3,1352.15
TCS,2016-08-12,2732.35,1366.175
TCS,2016-08-16,2691.45,1345.725
TCS,2016-08-17,2623.9,1311.95
TCS,2016-08-18,2636.7,1318.35
TCS,2016-08-19,2603.95,1301.975
TCS,2016-08-22,2551.45,1275.725
TCS,2016-08-23,2603.2,1301.6
TCS,2016-08-24,2571.9,1285.95
TCS,2016-08-25,2550.1,1275.05
TCS,2016-08-26,2529.15,1264.575
TCS,2016-08-29,2501.6,1250.8
TCS,2016-08-30,2548.7,1274.35
TCS,2016-08-31,2512.55,1256.275
TCS,2016-09-01,2507.6,1253.8
TCS,2016-09-02,2513.5,1256.75
TCS,2016-09-06,2484.05,1242.025
TCS,2016-09-07,2447.0,1223.5
TCS,2016-09-08,2321.15,1160.575
TCS,2016-09-09,2352.5,1176.25
TCS,2016-09-12,2359.1,1179.55
TCS,2016-09-14,2328.55,1164.275
TCS,2016-09-15,2328.05,1164.025
TCS,2016-09-16,2361.15,1180.575
TCS,2016-09-19,2407.35,1203.675
TCS,2016-09-20,2411.1,1205.55
TCS,2016-09-21,2413.5,1206.75
TCS,2016-09-22,2377.65,1188.825
TCS,2016-09-23,2397.3,1198.65
TCS,2016-09-26,2400.85,1200.425
TCS,2016-09-27,2430.7,1215.35
TCS,2016-09-28,2423.45,1211.725
TCS,2016-09-29,2434.6,1217.3
TCS,2016-09-30,2427.2,1213.6
TCS,2016-10-03,2411.8,1205.9
TCS,2016-10-04,2401.1,1200.55
TCS,2016-10-05,2382.55,1191.275
TCS,2016-10-06,2384.25,1192.125
TCS,2016-10-07,2368.25,1184.125
TCS,2016-10-10,2380.1,1190.05
TCS,2016-10-13,2328.5,1164.25
TCS,2016-10-14,2365.9,1182.95
TCS,2016-10-17,2362.9,1181.45
TCS,2016-10-18,2398.3,1199.15
TCS,2016-10-19,2394.2,1197.1
TCS,2016-10-20,2399.85,1199.925
TCS,2016-10-21,2428.7,1214.35
TCS,2016-10-24,2427.85,1213.925
TCS,2016-10-25,2398.65,1199.325
TCS,2016-10-26,2396.95,1198.475
TCS,2016-10-27,2413.25,1206.625
TCS,2016-10-28,2399.25,1199.625
TCS,2016-10-30,2394.6,1197.3
TCS,2016-11-01,2347.7,1173.85
TCS,2016-11-02,2304.45,1152.225
TCS,2016-11-03,2319.95,1159.975
TCS,2016-11-04,2330.1,1165.05
TCS,2016-11-07,2279.35,1139.675
TCS,2016-11-08,2283.7,1141.85
TCS,2016-11-09,2171.05,1085.525
TCS,2016-11-10,2158.05,1079.025
TCS,2016-11-11,2105.05,1052.525
TCS,2016-11-15,2122.1,1061.05
TCS,2016-11-16,2190.25,1095.125
TCS,2016-11-17,2142.15,1071.075
TCS,2016-11-18,2123.15,1061.575
TCS,2016-11-21,2132.55,1066.275
TCS,2016-11-22,2134.3,1067.15
TCS,2016-11-23,2156.7,1078.35
TCS,2016-11-24,2186.5,1093.25
TCS,2016-11-25,2300.85,1150.425
TCS,2016-11-28,2277.3,1138.65
TCS,2016-11-29,2258.4,1129.2
TCS,2016-11-30,2276.75,1138.375
TCS,2016-12-01,2266.45,1133.225
TCS,2016-12-02,2223.9,1111.95
TCS,2016-12-05,2186.45,1093.225
TCS,2016-12-06,2190.45,1095.225
TCS,2016-12-07,2158.2,1079.1
TCS,2016-12-08,2196.9,1098.45
TCS,2016-12-09,2193.45,1096.725
TCS,2016-12-12,2206.25,1103.125
TCS,2016-12-13,2200.85,1100.425
TCS,2016-12-14,2207.9,1103.95
TCS,2016-12-15,2259.5,1129.75
TCS,2016-12-16,2281.75,1140.875
TCS,2016-12-19,2287.5,1143.75
TCS,2016-12-20,2337.75,1168.875
TCS,2016-12-21,2312.75,1156.375
TCS,2016-12-22,2309.85,1154.925
TCS,2016-12-23,2290.2,1145.1
TCS,2016-12-26,2292.1,1146.05
TCS,2016-12-27,2321.85,1160.925
TCS,2016-12-28,2315.8,1157.9
TCS,2016-12-29,2350.75,1175.375
TCS,2016-12-30,2361.95,1180.975
TCS,2017-01-02,2359.05,1179.525
TCS,2017-01-03,2368.5,1184.25
TCS,2017-01-04,2378.55,1189.275
TCS,2017-01-05,2334.55,1167.275
TCS,2017-01-06,2283.6,1141.8
TCS,2017-01-09,2303.75,1151.875
TCS,2017-01-10,2315.45,1157.725
TCS,2017-01-11,2323.05,1161.525
TCS,2017-01-12,2343.3,1171.65
TCS,2017-01-13,2252.0,1126.0
TCS,2017-01-16,2258.55,1129.275
TCS,2017-01-17,2277.65,1138.825
TCS,2017-01-18,2295.0,1147.5
TCS,2017-01-19,2290.3,1145.15
TCS,2017-01-20,2287.45,1143.725
TCS,2017-01-23,2305.7,1152.85
TCS,2017-01-24,2318.0,1159.0
TCS,2017-01-25,2352.7,1176.35
TCS,2017-01-27,2358.05,1179.025
TCS,2017-01-30,2334.2,1167.1
TCS,2017-01-31,2229.9,1114.95
TCS,2017-02-01,2169.45,1084.725
TCS,2017-02-02,2205.8,1102.9
TCS,2017-02-03,2233.75,1116.875
TCS,2017-02-06,2240.55,1120.275
TCS,2017-02-07,2244.8,1122.4
TCS,2017-02-08,2262.65,1131.325
TCS,2017-02-09,2324.25,1162.125
TCS,2017-02-10,2396.7,1198.35
TCS,2017-02-13,2410.3,1205.15
TCS,2017-02-14,2402.95,1201.475
TCS,2017-02-15,2415.7,1207.85
TCS,2017-02-16,2446.9,1223.45
TCS,2017-02-17,2408.15,1204.075
TCS,2017-02-20,2506.5,1253.25
TCS,2017-02-21,2464.3,1232.15
TCS,2017-02-22,2409.55,1204.775
TCS,2017-02-23,2481.65,1240.825
TCS,2017-02-27,2488.9,1244.45
TCS,2017-02-28,2466.5,1233.25
TCS,2017-03-01,2480.05,1240.025
TCS,2017-03-02,2501.15,1250.575
TCS,2017-03-03,2492.35,1246.175
TCS,2017-03-06,2470.65,1235.325
TCS,2017-03-07,2500.7,1250.35
TCS,2017-03-08,2513.9,1256.95
TCS,2017-03-09,2519.55,1259.775
TCS,2017-03-10,2541.8,1270.9
TCS,2017-03-14,2562.35,1281.175
TCS,2017-03-15,2500.3,1250.15
TCS,2017-03-16,2518.95,1259.475
TCS,2017-03-17,2526.85,1263.425
TCS,2017-03-20,2480.8,1240.4
TCS,2017-03-21,2486.15,1243.075
TCS,2017-03-22,2479.1,1239.55
TCS,2017-03-23,2458.9,1229.45
TCS,2017-03-24,2426.75,1213.375
TCS,2017-03-27,2412.1,1206.05
TCS,2017-03-28,2429.85,1214.925
TCS,2017-03-29,2443.75,1221.875
TCS,2017-03-30,2443.75,1221.875
TCS,2017-03-31,2431.1,1215.55
TCS,2017-04-03,2413.3,1206.65
TCS,2017-04-05,2402.85,1201.425
TCS,2017-04-06,2399.75,1199.875
TCS,2017-04-07,2427.1,1213.55
TCS,2017-04-10,2421.15,1210.575
TCS,2017-04-11,2420.8,1210.4
TCS,2017-04-12,2394.2,1197.1
TCS,2017-04-13,2327.85,1163.925
TCS,2017-04-17,2320.85,1160.425
TCS,2017-04-18,2308.65,1154.325
TCS,2017-04-19,2301.75,1150.875
TCS,2017-04-20,2328.35,1164.175
TCS,2017-04-21,2311.2,1155.6
TCS,2017-04-24,2329.1,1164.55
TCS,2017-04-25,2311.3,1155.65
TCS,2017-04-26,2310.45,1155.225
TCS,2017-04-27,2301.4,1150.7
TCS,2017-04-28,2272.1,1136.05
TCS,2017-05-02,2291.95,1145.975
TCS,2017-05-03,2337.4,1168.7
TCS,2017-05-04,2327.1,1163.55
TCS,2017-05-05,2319.95,1159.975
TCS,2017-05-08,2341.9,1170.95
TCS,2017-05-09,2352.75,1176.375
TCS,2017-05-10,2332.5,1166.25
TCS,2017-05-11,2351.25,1175.625
TCS,2017-05-12,2359.5,1179.75
TCS,2017-05-15,2364.4,1182.2
TCS,2017-05-16,2427.25,1213.625
TCS,2017-05-17,2451.35,1225.675
TCS,2017-05-18,2534.1,1267.05
TCS,2017-05-19,2506.8,1253.4
TCS,2017-05-22,2529.3,1264.65
TCS,2017-05-23,2520.45,1260.225
TCS,2017-05-24,2557.8,1278.9
TCS,2017-05-25,2619.95,1309.975
TCS,2017-05-26,2579.3,1289.65
TCS,2017-05-29,2571.5,1285.75
TCS,2017-05-30,2551.7,1275.85
TCS,2017-05-31,2544.35,1272.175
TCS,2017-06-01,2550.85,1275.425
TCS,2017-06-02,2561.85,1280.925
TCS,2017-06-05,2601.05,1300.525
TCS,2017-06-06,2695.4,1347.7
TCS,2017-06-07,2615.35,1307.675
TCS,2017-06-08,2521.5,1260.75
TCS,2017-06-09,2510.25,1255.125
TCS,2017-06-12,2489.9,1244.95
TCS,2017-06-13,2453.4,1226.7
TCS,2017-06-14,2470.8,1235.4
TCS,2017-06-15,2411.1,1205.55
TCS,2017-06-16,2397.45,1198.725
TCS,2017-06-19,2431.9,1215.95
TCS,2017-06-20,2441.5,1220.75
TCS,2017-06-21,2406.05,1203.025
TCS,2017-06-22,2395.75,1197.875
TCS,2017-06-23,2360.65,1180.325
TCS,2017-06-27,2345.9,1172.95
TCS,2017-06-28,2351.2,1175.6
TCS,2017-06-29,2334.65,1167.325
TCS,2017-06-30,2364.35,1182.175
TCS,2017-07-03,2373.4,1186.7
TCS,2017-07-04,2364.0,1182.0
TCS,2017-07-05,2357.75,1178.875
TCS,2017-07-06,2344.8,1172.4
TCS,2017-07-07,2332.2,1166.1
TCS,2017-07-10,2440.85,1220.425
TCS,2017-07-11,2471.9,1235.95
TCS,2017-07-12,2439.1,1219.55
TCS,2017-07-13,2444.05,1222.025
TCS,2017-07-14,2398.8,1199.4
TCS,2017-07-17,2395.7,1197.85
TCS,2017-07-18,2405.25,1202.625
TCS,2017-07-19,2450.45,1225.225
TCS,2017-07-20,2445.2,1222.6
TCS,2017-07-21,2490.9,1245.45
TCS,2017-07-24,2532.65,1266.325
TCS,2017-07-25,2570.65,1285.325
TCS,2017-07-26,2554.8,1277.4
TCS,2017-07-27,2484.35,1242.175
TCS,2017-07-28,2482.75,1241.375
TCS,2017-07-31,2494.05,1247.025
TCS,2017-08-01,2499.95,1249.975
TCS,2017-08-02,2467.35,1233.675
TCS,2017-08-03,2489.55,1244.775
TCS,2017-08-04,2522.75,1261.375
TCS,2017-08-07,2504.6,1252.3
TCS,2017-08-08,2497.8,1248.9
TCS,2017-08-09,2501.95,1250.975
TCS,2017-08-10,2511.25,1255.625
TCS,2017-08-11,2494.0,1247.0
TCS,2017-08-14,2469.15,1234.575
TCS,2017-08-16,2491.05,1245.525
TCS,2017-08-17,2480.15,1240.075
TCS,2017-08-18,2512.85,1256.425
TCS,2017-08-21,2521.4,1260.7
TCS,2017-08-22,2496.05,1248.025
TCS,2017-08-23,2493.0,1246.5
TCS,2017-08-24,2495.3,1247.65
TCS,2017-08-28,2485.85,1242.925
TCS,2017-08-29,2474.95,1237.475
TCS,2017-08-30,2486.75,1243.375
TCS,2017-08-31,2496.75,1248.375
TCS,2017-09-01,2463.2,1231.6
TCS,2017-09-04,2457.8,1228.9
TCS,2017-09-05,2477.65,1238.825
TCS,2017-09-06,2456.45,1228.225
TCS,2017-09-07,2458.95,1229.475
TCS,2017-09-08,2470.15,1235.075
TCS,2017-09-11,2463.55,1231.775
TCS,2017-09-12,2486.8,1243.4
TCS,2017-09-13,2488.1,1244.05
TCS,2017-09-14,2485.05,1242.525
TCS,2017-09-15,2498.55,1249.275
TCS,2017-09-18,2499.05,1249.525
TCS,2017-09-19,2498.3,1249.15
TCS,2017-09-20,2492.4,1246.2
TCS,2017-09-21,2525.85,1262.925
TCS,2017-09-22,2502.35,1251.175
TCS,2017-09-25,2508.2,1254.1
TCS,2017-09-26,2474.9,1237.45
TCS,2017-09-27,2490.15,1245.075
TCS,2017-09-28,2478.45,1239.225
TCS,2017-09-29,2437.0,1218.5
TCS,2017-10-03,2447.05,1223.525
TCS,2017-10-04,2442.55,1221.275
TCS,2017-10-05,2430.15,1215.075
TCS,2017-10-06,2445.15,1222.575
TCS,2017-10-09,2452.55,1226.275
TCS,2017-10-10,2459.55,1229.775
TCS,2017-10-11,2500.5,1250.25
TCS,2017-10-12,2548.55,1274.275
TCS,2017-10-13,2556.75,1278.375
TCS,2017-10-16,2585.1,1292.55
TCS,2017-10-17,2594.85,1297.425
TCS,2017-10-18,2589.05,1294.525
TCS,2017-10-19,2580.95,1290.475
TCS,2017-10-23,2585.95,1292.975
TCS,2017-10-24,2580.6,1290.3
TCS,2017-10-25,2561.75,1280.875
TCS,2017-10-26,2543.0,1271.5
TCS,2017-10-27,2579.2,1289.6
TCS,2017-10-30,2613.0,1306.5
TCS,2017-10-31,2616.3,1308.15
TCS,2017-11-01,2602.5,1301.25
TCS,2017-11-02,2625.8,1312.9
TCS,2017-11-03,2612.7,1306.35
TCS,2017-11-06,2667.0,1333.5
TCS,2017-11-07,2708.35,1354.175
TCS,2017-11-08,2730.45,1365.225
TCS,2017-11-09,2733.85,1366.925
TCS,2017-11-10,2703.3,1351.65
TCS,2017-11-13,2758.9,1379.45
TCS,2017-11-14,2716.75,1358.375
TCS,2017-11-15,2706.15,1353.075
TCS,2017-11-16,2746.6,1373.3
TCS,2017-11-17,2710.1,1355.05
TCS,2017-11-20,2704.65,1352.325
TCS,2017-11-21,2676.65,1338.325
TCS,2017-11-22,2683.2,1341.6
TCS,2017-11-23,2682.75,1341.375
TCS,2017-11-24,2688.75,1344.375
TCS,2017-11-27,2687.05,1343.525
TCS,2017-11-28,2684.9,1342.45
TCS,2017-11-29,2658.55,1329.275
TCS,2017-11-30,2634.25,1317.125
TCS,2017-12-01,2630.55,1315.275
TCS,2017-12-04,2633.35,1316.675
TCS,2017-12-05,2633.8,1316.9
TCS,2017-12-06,2631.45,1315.725
TCS,2017-12-07,2617.65,1308.825
TCS,2017-12-08,2601.0,1300.5
TCS,2017-12-11,2656.0,1328.0
TCS,2017-12-12,2614.15,1307.075
TCS,2017-12-13,2627.3,1313.65
TCS,2017-12-14,2558.55,1279.275
TCS,2017-12-15,2547.85,1273.925
TCS,2017-12-18,2577.0,1288.5
TCS,2017-12-19,2575.05,1287.525
TCS,2017-12-20,2588.0,1294.0
TCS,2017-12-21,2594.1,1297.05
TCS,2017-12-22,2639.8,1319.9
TCS,2017-12-26,2642.8,1321.4
TCS,2017-12-27,2621.05,1310.525
TCS,2017-12-28,2628.85,1314.425
TCS,2017-12-29,2700.4,1350.2
TCS,2018-01-01,2654.65,1327.325
TCS,2018-01-02,2633.75,1316.875
TCS,2018-01-03,2635.2,1317.6
TCS,2018-01-04,2649.8,1324.9
TCS,2018-01-05,2684.45,1342.225
TCS,2018-01-08,2707.75,1353.875
TCS,2018-01-09,2708.45,1354.225
TCS,2018-01-10,2807.1,1403.55
TCS,2018-01-11,2788.4,1394.2
TCS,2018-01-12,2772.9,1386.45
TCS,2018-01-15,2747.2,1373.6
TCS,2018-01-16,2850.85,1425.425
TCS,2018-01-17,2889.45,1444.725
TCS,2018-01-18,2910.1,1455.05
TCS,2018-01-19,2954.75,1477.375
TCS,2018-01-22,3113.15,1556.575
TCS,2018-01-23,3103.1,1551.55
TCS,2018-01-24,3174.6,1587.3
TCS,2018-01-25,3117.85,1558.925
TCS,2018-01-29,3195.1,1597.55
TCS,2018-01-30,3153.7,1576.85
TCS,2018-01-31,3111.75,1555.875
TCS,2018-02-01,3138.9,1569.45
TCS,2018-02-02,3149.15,1574.575
TCS,2018-02-05,3106.5,1553.25
TCS,2018-02-06,2995.35,1497.675
TCS,2018-02-07,2955.35,1477.675
TCS,2018-02-08,2966.25,1483.125
TCS,2018-02-09,2972.3,1486.15
TCS,2018-02-12,2967.9,1483.95
TCS,2018-02-14,2910.45,1455.225
TCS,2018-02-15,2925.75,1462.875
TCS,2018-02-16,2937.2,1468.6
TCS,2018-02-19,2924.55,1462.275
TCS,2018-02-20,2945.05,1472.525
TCS,2018-02-21,3043.05,1521.525
TCS,2018-02-22,3040.4,1520.2
TCS,2018-02-23,3076.9,1538.45
TCS,2018-02-26,3035.25,1517.625
TCS,2018-02-27,3043.25,1521.625
TCS,2018-02-28,3038.25,1519.125
TCS,2018-03-01,3037.1,1518.55
TCS,2018-03-05,3104.3,1552.15
TCS,2018-03-06,3049.8,1524.9
TCS,2018-03-07,3029.25,1514.625
TCS,2018-03-08,3001.5,1500.75
TCS,2018-03-09,3034.5,1517.25
TCS,2018-03-12,3051.85,1525.925
TCS,2018-03-13,2892.45,1446.225
TCS,2018-03-14,2886.1,1443.05
TCS,2018-03-15,2869.15,1434.575
TCS,2018-03-16,2825.5,1412.75
TCS,2018-03-19,2828.85,1414.425
TCS,2018-03-20,2859.15,1429.575
TCS,2018-03-21,2854.6,1427.3
TCS,2018-03-22,2829.95,1414.975
TCS,2018-03-23,2816.45,1408.225
TCS,2018-03-26,2813.05,1406.525
TCS,2018-03-27,2841.85,1420.925
TCS,2018-03-28,2849.3,1424.65
TCS,2018-04-02,2902.9,1451.45
TCS,2018-04-03,2908.1,1454.05
TCS,2018-04-04,2907.05,1453.525
TCS,2018-04-05,2957.15,1478.575
TCS,2018-04-06,2949.7,1474.85
TCS,2018-04-09,2921.15,1460.575
TCS,2018-04-10,2931.85,1465.925
TCS,2018-04-11,3015.5,1507.75
TCS,2018-04-12,3137.3,1568.65
TCS,2018-04-13,3151.0,1575.5
TCS,2018-04-16,3184.8,1592.4
TCS,2018-04-17,3165.9,1582.95
TCS,2018-04-18,3159.5,1579.75
TCS,2018-04-19,3190.65,1595.325
TCS,2018-04-20,3406.4,1703.2
TCS,2018-04-23,3415.2,1707.6
TCS,2018-04-24,3385.65,1692.825
TCS,2018-04-25,3467.9,1733.95
TCS,2018-04-26,3540.35,1770.175
TCS,2018-04-27,3454.8,1727.4
TCS,2018-04-30,3531.4,1765.7
TCS,2018-05-02,3497.8,1748.9
TCS,2018-05-03,3482.65,1741.325
TCS,2018-05-04,3480.85,1740.425
TCS,2018-05-07,3427.7,1713.85
TCS,2018-05-08,3441.05,1720.525
TCS,2018-05-09,3489.05,1744.525
TCS,2018-05-10,3452.75,1726.375
TCS,2018-05-11,3460.6,1730.3
TCS,2018-05-14,3436.75,1718.375
TCS,2018-05-15,3482.45,1741.225
TCS,2018-05-16,3495.55,1747.775
TCS,2018-05-17,3492.7,1746.35
TCS,2018-05-18,3502.35,1751.175
TCS,2018-05-21,3557.95,1778.975
TCS,2018-05-22,3508.05,1754.025
TCS,2018-05-23,3497.05,1748.525
TCS,2018-05-24,3604.8,1802.4
TCS,2018-05-25,3589.45,1794.725
TCS,2018-05-28,3503.8,1751.9
TCS,2018-05-29,3522.7,1761.35
TCS,2018-05-30,3517.75,1758.875
TCS,2018-05-31,1744.8,1744.8
TCS,2018-06-01,1732.25,1732.25
TCS,2018-06-04,1744.55,1744.55
TCS,2018-06-05,1721.2,1721.2
TCS,2018-06-06,1727.25,1727.25
TCS,2018-06-07,1734.6,1734.6
TCS,2018-06-08,1748.2,1748.2
TCS,2018-06-11,1750.6,1750.6
TCS,2018-06-12,1781.0,1781.0
TCS,2018-06-13,1824.2,1824.2
TCS,2018-06-14,1792.25,1792.25
TCS,2018-06-15,1841.45,1841.45
TCS,2018-06-18,1830.7,1830.7
TCS,2018-06-19,1825.85,1825.85
TCS,2018-06-20,1826.3,1826.3
TCS,2018-06-21,1819.85,1819.85
TCS,2018-06-22,1811.8,1811.8
TCS,2018-06-25,1820.45,1820.45
TCS,2018-06-26,1852.7,1852.7
TCS,2018-06-27,1859.8,1859.8
TCS,2018-06-28,1847.3,1847.3
TCS,2018-06-29,1847.2,1847.2
TCS,2018-07-02,1855.6,1855.6
TCS,2018-07-03,1875.9,1875.9
TCS,2018-07-04,1869.65,1869.65
TCS,2018-07-05,1881.7,1881.7
TCS,2018-07-06,1913.3,1913.3
TCS,2018-07-09,1887.65,1887.65
TCS,2018-07-10,1877.0,1877.0
TCS,2018-07-11,1979.6,1979.6
TCS,2018-07-12,1971.0,1971.0
TCS,2018-07-13,1981.25,1981.25
TCS,2018-07-16,1988.8,1988.8
TCS,2018-07-17,1997.85,1997.85
TCS,2018-07-18,1997.3,1997.3
TCS,2018-07-19,1981.45,1981.45
TCS,2018-07-20,1995.95,1995.95
TCS,2018-07-23,2005.05,2005.05
TCS,2018-07-24,1996.85,1996.85
TCS,2018-07-25,1979.4,1979.4
TCS,2018-07-26,1963.3,1963.3
TCS,2018-07-27,1943.1,1943.1
TCS,2018-07-30,1944.95,1944.95
TCS,2018-07-31,1941.25,1941.25
